customer_id,age,price,shopping_mall
C241288,28,1500.4,Kanyon
C111565,21,1800.51,Forum Istanbul
C266599,20,300.08,Metrocity
C330667,42,15.69,Zorlu Center
C218149,46,600.16,Metropol AVM
C196845,24,143.36,Cevahir AVM
C220180,23,300.08,Emaar Square Mall
C125696,27,5.23,Cevahir AVM
C322947,52,600.16,Cevahir AVM
C313348,44,5250,Kanyon
C204553,42,75.75,Metrocity
C285161,51,71.68,Istinye Park
C289625,25,203.3,Mall of Istanbul
C192344,50,2400.68,Emaar Square Mall
C447138,65,1800.51,Cevahir AVM
C251229,29,121.98,Istinye Park
C159164,66,107.52,Mall of Istanbul
C501658,23,300.08,Emaar Square Mall
C176727,32,1800.51,Kanyon
C232624,51,1200.32,Metrocity
C164092,66,2400.68,Zorlu Center
C276887,68,5.23,Emaar Square Mall
C245456,43,1500.4,Kanyon
C450287,59,600.16,Metrocity
C204279,54,600.16,Kanyon
C452806,24,300.08,Metropol AVM
C716788,49,15.69,Zorlu Center
C155059,67,81.32,Metropol AVM
C306662,48,121.98,Metrocity
C607615,40,2400.68,Metrocity
C120164,41,1800.51,Kanyon
C134449,46,75.75,Zorlu Center
C317818,19,121.98,Mall of Istanbul
C241642,43,1200.32,Zorlu Center
C126436,18,121.98,Zorlu Center
C653385,22,75.75,Forum Istanbul
C227070,61,203.3,Emaar Square Mall
C317478,41,45.45,Istinye Park
C237330,53,81.32,Istinye Park
C626042,43,4200,Metrocity
C133687,45,15.69,Viaport Outlet
C841663,29,300.08,Istinye Park
C213742,43,71.68,Kanyon
C962515,19,1200.32,Kanyon
C112279,67,15.69,Kanyon
C158837,36,60.6,Kanyon
C336576,64,1500.4,Mall of Istanbul
C716161,33,300.08,Kanyon
C439382,33,1200.32,Kanyon
C123427,66,1200.32,Mall of Istanbul
C224743,29,162.64,Metropol AVM
C119549,22,107.52,Mall of Istanbul
C187266,63,15.69,Cevahir AVM
C173084,24,58.65,Istinye Park
C126956,24,203.3,Metrocity
C236859,44,5250,Mall of Istanbul
C309926,34,3000.85,Forum Istanbul
C493252,47,162.64,Kanyon
C109871,38,26.15,Mall of Istanbul
C136117,57,3000.85,Emaar Square Mall
C258404,67,107.52,Emaar Square Mall
C169749,41,35.19,Cevahir AVM
C199947,40,1500.4,Kanyon
C135790,69,2400.68,Metrocity
C606418,47,26.15,Mall of Istanbul
C111611,53,20.92,Istinye Park
C679476,40,71.68,Emaar Square Mall
C542025,60,162.64,Metrocity
C168491,30,23.46,Kanyon
C169650,66,600.16,Istinye Park
C158160,22,5.23,Mall of Istanbul
C552345,53,10.46,Kanyon
C218383,52,1500.4,Zorlu Center
C309438,26,3000.85,Mall of Istanbul
C253905,66,5.23,Mall of Istanbul
C992677,65,1200.32,Metropol AVM
C584700,43,2100,Kanyon
C157070,59,35.84,Kanyon
C177975,30,58.65,Kanyon
C830576,25,81.32,Metrocity
C807389,29,107.52,Mall of Istanbul
C277842,19,600.16,Cevahir AVM
C183011,62,1500.4,Metropol AVM
C567813,39,15.69,Forum Istanbul
C282974,33,900.24,Kanyon
C181972,26,20.92,Mall of Istanbul
C189493,43,3150,Viaport Outlet
C242748,40,15.69,Kanyon
C324683,55,1200.32,Kanyon
C307921,24,1500.4,Viaport Outlet
C152549,24,40.66,Metrocity
C111832,30,26.15,Metrocity
C204174,34,1500.4,Mall of Istanbul
C279370,64,1500.4,Cevahir AVM
C907582,57,1500.4,Mall of Istanbul
C166635,18,162.64,Istinye Park
C276043,26,1200.32,Zorlu Center
C282643,19,15.69,Emaar Square Mall
C820515,22,45.45,Kanyon
C331761,48,300.08,Kanyon
C326893,56,58.65,Istinye Park
C306395,35,600.16,Viaport Outlet
C885344,60,143.36,Metrocity
C112750,32,300.08,Forum Istanbul
C274870,27,1200.32,Kanyon
C199864,56,600.16,Istinye Park
C997380,35,162.64,Metrocity
C132002,68,300.08,Metropol AVM
C255058,64,2100,Kanyon
C271799,60,143.36,Forum Istanbul
C765620,64,179.2,Kanyon
C891545,41,900.24,Emaar Square Mall
C519513,30,26.15,Metrocity
C125624,40,300.08,Mall of Istanbul
C658980,29,600.16,Kanyon
C319231,25,900.24,Mall of Istanbul
C150594,60,1200.32,Kanyon
C846730,42,26.15,Metrocity
C249877,54,5.23,Metropol AVM
C200826,50,1500.4,Kanyon
C263874,54,300.08,Metropol AVM
C663463,45,60.6,Metrocity
C134370,40,40.66,Zorlu Center
C310642,24,45.45,Metrocity
C651699,40,1200.32,Mall of Istanbul
C989693,32,2100,Metropol AVM
C123581,28,900.24,Mall of Istanbul
C192446,22,35.84,Mall of Istanbul
C143343,21,300.08,Metrocity
C223343,31,600.16,Kanyon
C309082,61,15.69,Mall of Istanbul
C236365,67,81.32,Kanyon
C178734,52,3000.85,Kanyon
C223010,44,1200.32,Metropol AVM
C289933,48,10.46,Kanyon
C340116,53,15.69,Metrocity
C816586,27,143.36,Mall of Istanbul
C434171,28,162.64,Viaport Outlet
C215384,43,143.36,Cevahir AVM
C143442,54,58.65,Kanyon
C102926,41,26.15,Kanyon
C340063,59,203.3,Istinye Park
C131786,32,300.08,Metropol AVM
C194380,41,58.65,Metropol AVM
C269623,30,3150,Mall of Istanbul
C847171,22,300.08,Istinye Park
C556552,51,1200.32,Cevahir AVM
C876528,23,10.46,Viaport Outlet
C303493,40,71.68,Kanyon
C978718,37,1500.4,Emaar Square Mall
C111766,24,300.08,Mall of Istanbul
C175946,22,5.23,Kanyon
C160005,61,162.64,Kanyon
C599109,25,10.46,Metrocity
C693789,66,58.65,Zorlu Center
C259342,59,600.17,Kanyon
C208108,38,1200.32,Metropol AVM
C244213,34,71.68,Metrocity
C102685,26,300.08,Kanyon
C244291,59,58.65,Metrocity
C162371,53,35.84,Mall of Istanbul
C375422,23,162.64,Viaport Outlet
C911768,23,1500.4,Viaport Outlet
C270129,66,3150,Cevahir AVM
C617189,56,162.64,Mall of Istanbul
C271029,38,23.46,Metropol AVM
C292356,28,900.24,Cevahir AVM
C329633,44,5.23,Metropol AVM
C244780,26,20.92,Mall of Istanbul
C139568,41,162.64,Viaport Outlet
C220281,50,1200.32,Viaport Outlet
C311034,23,121.98,Mall of Istanbul
C584141,31,162.64,Metropol AVM
C221934,26,203.3,Forum Istanbul
C513561,56,15.69,Viaport Outlet
C257990,34,143.36,Kanyon
C168348,29,600.16,Kanyon
C161285,20,300.08,Mall of Istanbul
C166191,54,121.98,Forum Istanbul
C172966,40,1200.32,Metrocity
C320928,40,203.3,Istinye Park
C131497,21,60.6,Mall of Istanbul
C526660,32,2100,Zorlu Center
C266961,47,900.24,Metrocity
C204741,41,35.19,Cevahir AVM
C181619,33,203.3,Kanyon
C250395,67,23.46,Mall of Istanbul
C322994,37,121.98,Istinye Park
C250673,38,35.84,Metropol AVM
C192978,28,3000.85,Kanyon
C163033,38,15.15,Kanyon
C558480,56,40.66,Kanyon
C287409,25,45.45,Metropol AVM
C993675,66,75.75,Kanyon
C307535,37,23.46,Viaport Outlet
C238961,19,10.46,Mall of Istanbul
C671866,53,1500.4,Kanyon
C171154,69,600.17,Kanyon
C848969,69,1500.4,Metropol AVM
C240171,31,10.46,Metropol AVM
C665777,39,75.75,Kanyon
C256730,53,3000.85,Zorlu Center
C298229,26,81.32,Metropol AVM
C183404,63,15.69,Forum Istanbul
C316398,34,1500.4,Mall of Istanbul
C557245,25,5.23,Kanyon
C662958,20,1800.51,Metropol AVM
C545065,18,1200.32,Metropol AVM
C284679,53,162.64,Kanyon
C581947,46,162.64,Mall of Istanbul
C199311,34,300.08,Istinye Park
C206501,61,900.24,Metropol AVM
C726021,38,1500.4,Mall of Istanbul
C448846,67,15.69,Metropol AVM
C168663,33,143.36,Istinye Park
C616106,63,1200.32,Zorlu Center
C771066,21,1500.4,Cevahir AVM
C101196,41,162.64,Kanyon
C898405,48,5.23,Cevahir AVM
C372643,27,1050,Kanyon
C195626,22,179.2,Kanyon
C622748,54,1200.32,Metropol AVM
C290280,51,35.84,Metrocity
C281268,29,300.08,Metropol AVM
C826744,44,1200.34,Kanyon
C252021,20,1800.51,Kanyon
C647656,59,1200.34,Metrocity
C250065,23,1200.32,Metropol AVM
C230766,25,300.08,Emaar Square Mall
C243515,63,600.17,Kanyon
C204632,21,1500.4,Kanyon
C252598,56,900.24,Cevahir AVM
C866033,39,81.32,Kanyon
C288416,50,10.46,Mall of Istanbul
C340089,54,2400.68,Mall of Istanbul
C555040,27,3150,Viaport Outlet
C809281,56,1500.4,Emaar Square Mall
C375325,53,1200.32,Metropol AVM
C155335,62,121.98,Viaport Outlet
C225051,42,1200.32,Kanyon
C635016,68,71.68,Metrocity
C165705,27,1200.32,Mall of Istanbul
C709571,39,162.64,Viaport Outlet
C851508,44,107.52,Kanyon
C184126,52,900.24,Emaar Square Mall
C233642,19,81.32,Mall of Istanbul
C258410,68,121.98,Cevahir AVM
C270667,22,75.75,Emaar Square Mall
C321527,61,600.17,Emaar Square Mall
C109489,23,15.69,Kanyon
C103824,34,203.3,Metrocity
C126571,33,23.46,Metrocity
C169676,60,600.17,Metropol AVM
C321889,24,5.23,Zorlu Center
C212128,53,203.3,Mall of Istanbul
C301271,22,900.24,Metrocity
C221995,50,46.92,Metrocity
C318802,49,600.16,Metrocity
C263812,31,300.08,Mall of Istanbul
C321609,29,26.15,Cevahir AVM
C666013,52,5.23,Kanyon
C172185,67,81.32,Istinye Park
C150463,50,10.46,Metropol AVM
C274529,58,179.2,Mall of Istanbul
C242659,50,1200.32,Metropol AVM
C194451,68,2100,Kanyon
C252600,59,23.46,Emaar Square Mall
C309645,66,1500.4,Forum Istanbul
C336232,69,46.92,Zorlu Center
C325906,27,26.15,Mall of Istanbul
C138755,52,35.84,Zorlu Center
C296745,27,600.16,Istinye Park
C221838,43,2100,Forum Istanbul
C104985,36,300.08,Emaar Square Mall
C826514,19,11.73,Kanyon
C267333,21,75.75,Metrocity
C130479,20,300.08,Kanyon
C310108,23,71.68,Metropol AVM
C358486,52,81.32,Metrocity
C208738,24,1200.32,Kanyon
C111056,20,26.15,Metropol AVM
C999586,58,107.52,Zorlu Center
C296862,21,1200.32,Mall of Istanbul
C101550,35,1200.34,Istinye Park
C278142,29,121.98,Kanyon
C330779,68,81.32,Forum Istanbul
C282968,50,121.98,Emaar Square Mall
C852668,44,107.52,Kanyon
C274936,47,300.08,Cevahir AVM
C269751,48,46.92,Metrocity
C136051,39,35.84,Mall of Istanbul
C266462,27,300.08,Kanyon
C329163,34,2400.68,Viaport Outlet
C305398,65,5.23,Kanyon
C267961,53,81.32,Istinye Park
C101248,19,15.69,Kanyon
C165812,19,600.16,Istinye Park
C339518,31,5.23,Metrocity
C235057,43,71.68,Cevahir AVM
C103944,42,900.24,Metrocity
C260889,58,60.6,Kanyon
C207753,34,121.98,Istinye Park
C204154,32,81.32,Istinye Park
C290344,27,46.92,Kanyon
C730395,28,10.46,Kanyon
C312155,55,121.98,Kanyon
C259743,48,35.19,Metropol AVM
C605200,46,20.92,Mall of Istanbul
C317850,20,107.52,Metropol AVM
C986860,39,107.52,Mall of Istanbul
C236428,44,1500.4,Mall of Istanbul
C278588,35,203.3,Cevahir AVM
C154184,48,203.3,Emaar Square Mall
C287459,22,300.08,Kanyon
C617884,52,3150,Istinye Park
C294024,45,1500.4,Metrocity
C790567,64,1200.32,Mall of Istanbul
C799447,38,58.65,Mall of Istanbul
C144628,45,1200.34,Kanyon
C260810,41,58.65,Metropol AVM
C670524,57,40.66,Forum Istanbul
C334281,57,20.92,Kanyon
C314173,60,15.15,Mall of Istanbul
C122712,44,10.46,Kanyon
C276111,38,203.3,Metrocity
C277924,65,15.69,Mall of Istanbul
C286466,30,300.08,Metropol AVM
C327001,50,600.16,Istinye Park
C509924,19,15.69,Forum Istanbul
C453635,26,600.17,Metrocity
C259539,54,162.64,Forum Istanbul
C729392,63,121.98,Emaar Square Mall
C280085,66,600.16,Metrocity
C767634,48,81.32,Mall of Istanbul
C230018,46,600.16,Zorlu Center
C238063,54,2400.68,Kanyon
C308584,62,75.75,Viaport Outlet
C216619,64,107.52,Mall of Istanbul
C241523,55,15.69,Metrocity
C209761,20,300.08,Cevahir AVM
C329153,41,179.2,Istinye Park
C126702,54,26.15,Istinye Park
C287787,34,300.08,Metropol AVM
C142943,31,300.08,Metropol AVM
C107192,52,81.32,Kanyon
C116295,68,600.16,Zorlu Center
C334128,61,58.65,Mall of Istanbul
C181077,19,143.36,Cevahir AVM
C776465,40,71.68,Viaport Outlet
C564019,30,71.68,Viaport Outlet
C192096,39,3000.85,Kanyon
C184731,62,300.08,Kanyon
C174574,61,1200.32,Emaar Square Mall
C200961,57,58.65,Metropol AVM
C530790,69,58.65,Kanyon
C307151,62,600.16,Mall of Istanbul
C137366,27,1500.4,Viaport Outlet
C830086,57,40.66,Metropol AVM
C781099,50,5.23,Metropol AVM
C936511,46,900.24,Kanyon
C298184,40,1500.4,Forum Istanbul
C131867,35,300.08,Kanyon
C114315,22,5.23,Metrocity
C312624,37,45.45,Mall of Istanbul
C256150,28,121.98,Mall of Istanbul
C171463,23,900.24,Istinye Park
C286669,52,162.64,Istinye Park
C514930,26,600.16,Istinye Park
C678575,55,203.3,Metropol AVM
C945222,65,4200,Kanyon
C228895,69,1200.34,Viaport Outlet
C315358,24,20.92,Emaar Square Mall
C119572,59,107.52,Mall of Istanbul
C200359,58,162.64,Zorlu Center
C991703,63,15.69,Metropol AVM
C152491,66,15.15,Istinye Park
C984870,45,10.46,Kanyon
C734672,35,600.17,Mall of Istanbul
C224808,37,1200.32,Viaport Outlet
C220559,25,2400.68,Mall of Istanbul
C247264,52,2400.68,Mall of Istanbul
C213618,64,20.92,Mall of Istanbul
C274104,42,1800.51,Metrocity
C221767,21,203.3,Kanyon
C339538,59,11.73,Kanyon
C300509,32,1200.32,Kanyon
C251023,55,2400.68,Kanyon
C928146,21,4200,Metrocity
C750614,32,81.32,Kanyon
C927731,69,15.15,Istinye Park
C235189,65,81.32,Emaar Square Mall
C413384,43,1800.51,Istinye Park
C193800,42,600.16,Metrocity
C186473,44,15.69,Metrocity
C108452,27,71.68,Kanyon
C314216,53,20.92,Metrocity
C970549,39,15.69,Metropol AVM
C710863,24,900.24,Metropol AVM
C852260,62,2100,Emaar Square Mall
C105996,21,2400.68,Mall of Istanbul
C133483,69,40.66,Mall of Istanbul
C453598,26,203.3,Metrocity
C205712,30,203.3,Mall of Istanbul
C184822,53,1200.32,Emaar Square Mall
C152419,38,26.15,Istinye Park
C758541,66,23.46,Cevahir AVM
C653957,67,1200.32,Metrocity
C998526,23,15.69,Forum Istanbul
C184919,23,1200.32,Mall of Istanbul
C770963,22,75.75,Forum Istanbul
C948614,60,26.15,Kanyon
C317333,67,4200,Mall of Istanbul
C336407,68,600.16,Kanyon
C746847,31,600.17,Forum Istanbul
C113787,59,3000.85,Metropol AVM
C290024,22,1500.4,Metrocity
C499128,22,900.24,Metrocity
C274654,68,5.23,Mall of Istanbul
C219936,65,162.64,Istinye Park
C601830,22,20.92,Metropol AVM
C734415,57,900.24,Metrocity
C291353,64,40.66,Cevahir AVM
C176165,28,107.52,Emaar Square Mall
C201251,19,600.16,Mall of Istanbul
C323221,21,46.92,Metropol AVM
C112102,63,40.66,Zorlu Center
C203252,30,26.15,Kanyon
C278237,29,1200.32,Metropol AVM
C169027,44,10.46,Kanyon
C188273,52,71.68,Mall of Istanbul
C149075,35,35.84,Metropol AVM
C725164,23,1500.4,Metropol AVM
C145267,21,1500.4,Viaport Outlet
C225654,27,30.3,Metrocity
C273640,61,600.16,Metrocity
C116626,39,143.36,Metrocity
C158217,67,10.46,Emaar Square Mall
C238969,40,10.46,Mall of Istanbul
C246563,22,26.15,Metropol AVM
C232404,26,10.46,Istinye Park
C259413,55,2400.68,Metropol AVM
C968633,68,900.24,Kanyon
C208309,38,900.24,Istinye Park
C140682,39,2100,Kanyon
C243950,19,5.23,Metropol AVM
C834144,47,179.2,Mall of Istanbul
C209058,28,107.52,Mall of Istanbul
C836440,30,40.66,Mall of Istanbul
C249436,69,15.15,Kanyon
C991315,24,5250,Istinye Park
C368307,54,71.68,Mall of Istanbul
C336964,50,300.08,Cevahir AVM
C273404,23,35.19,Istinye Park
C188945,55,203.3,Mall of Istanbul
C110111,57,203.3,Zorlu Center
C157319,25,40.66,Mall of Istanbul
C961631,45,600.16,Cevahir AVM
C377325,50,1200.32,Mall of Istanbul
C294317,50,2400.68,Viaport Outlet
C817811,66,203.3,Metrocity
C254811,20,81.32,Istinye Park
C144753,30,1200.32,Metrocity
C378941,26,1050,Kanyon
C163476,47,15.69,Metropol AVM
C383238,38,600.16,Kanyon
C419661,60,81.32,Metrocity
C223954,39,10.46,Kanyon
C281943,68,1800.51,Kanyon
C316983,42,15.69,Emaar Square Mall
C320941,67,143.36,Mall of Istanbul
C206498,44,179.2,Viaport Outlet
C303816,38,162.64,Cevahir AVM
C231857,51,75.75,Cevahir AVM
C976620,67,23.46,Kanyon
C112725,41,900.24,Istinye Park
C124754,42,1200.32,Istinye Park
C450481,29,75.75,Kanyon
C296959,28,1200.32,Kanyon
C599973,35,600.16,Istinye Park
C215400,52,121.98,Kanyon
C227518,43,15.69,Kanyon
C601122,52,26.15,Mall of Istanbul
C339650,31,300.08,Cevahir AVM
C234992,61,203.3,Mall of Istanbul
C249945,25,58.65,Kanyon
C233260,39,30.3,Mall of Istanbul
C199488,28,600.17,Mall of Istanbul
C898713,27,26.15,Kanyon
C583808,40,162.64,Metropol AVM
C951654,26,1200.32,Istinye Park
C294055,51,5250,Mall of Istanbul
C265858,63,1200.32,Kanyon
C474157,40,600.16,Istinye Park
C312250,42,10.46,Cevahir AVM
C334324,64,1800.51,Cevahir AVM
C223583,36,300.08,Mall of Istanbul
C641830,36,40.66,Kanyon
C108263,69,121.98,Metrocity
C308589,30,107.52,Mall of Istanbul
C312124,55,121.98,Emaar Square Mall
C276723,23,26.15,Metrocity
C288563,63,71.68,Mall of Istanbul
C837906,39,4200,Metrocity
C127654,67,5250,Kanyon
C263525,31,1050,Metropol AVM
C807958,66,10.46,Mall of Istanbul
C667947,63,3000.85,Kanyon
C322797,43,26.15,Istinye Park
C868802,47,300.08,Kanyon
C194173,33,121.98,Mall of Istanbul
C172390,18,300.08,Zorlu Center
C315157,62,121.98,Kanyon
C628808,54,15.15,Kanyon
C143084,34,58.65,Metropol AVM
C359890,40,81.32,Viaport Outlet
C143474,51,900.24,Mall of Istanbul
C142171,35,1500.4,Istinye Park
C236351,43,900.24,Istinye Park
C651127,59,1200.32,Metrocity
C291817,28,600.16,Istinye Park
C143852,22,30.3,Cevahir AVM
C223588,40,900.24,Zorlu Center
C155620,45,3000.85,Mall of Istanbul
C990666,35,900.24,Zorlu Center
C164663,21,600.16,Viaport Outlet
C210960,58,2400.68,Istinye Park
C161682,20,1500.4,Kanyon
C120837,63,107.52,Mall of Istanbul
C784184,38,1800.51,Metrocity
C306503,54,1200.32,Metropol AVM
C302691,58,900.24,Metrocity
C290188,58,81.32,Kanyon
C101531,62,45.45,Forum Istanbul
C228419,33,2100,Metropol AVM
C290311,40,58.65,Mall of Istanbul
C810138,55,5.23,Mall of Istanbul
C256205,57,5.23,Mall of Istanbul
C168779,27,300.08,Metrocity
C584490,25,600.16,Mall of Istanbul
C159930,29,1200.34,Mall of Istanbul
C752230,47,20.92,Metrocity
C204915,63,35.84,Kanyon
C255764,64,15.15,Istinye Park
C226572,36,2400.68,Zorlu Center
C270294,27,10.46,Mall of Istanbul
C148706,37,1200.32,Mall of Istanbul
C337376,34,300.08,Kanyon
C769310,69,71.68,Istinye Park
C125461,53,900.24,Mall of Istanbul
C176237,44,10.46,Emaar Square Mall
C297154,39,162.64,Metropol AVM
C400227,69,1200.34,Emaar Square Mall
C318496,20,1200.32,Metrocity
C430861,36,1500.4,Metropol AVM
C138351,26,900.24,Zorlu Center
C293301,68,4200,Istinye Park
C260706,32,45.45,Mall of Istanbul
C196633,28,10.46,Metropol AVM
C281633,65,81.32,Kanyon
C246513,64,900.24,Kanyon
C315778,60,1500.4,Kanyon
C831276,31,121.98,Emaar Square Mall
C333981,60,1200.32,Viaport Outlet
C286556,25,46.92,Metropol AVM
C313726,27,162.64,Mall of Istanbul
C279615,24,121.98,Mall of Istanbul
C334733,36,600.16,Istinye Park
C183772,61,2400.68,Kanyon
C258330,42,3150,Zorlu Center
C325901,58,179.2,Emaar Square Mall
C163636,46,900.24,Zorlu Center
C568730,19,35.19,Zorlu Center
C157167,46,107.52,Istinye Park
C282260,57,15.69,Metropol AVM
C270254,49,1200.34,Zorlu Center
C570403,52,1200.32,Metrocity
C318860,44,1200.32,Kanyon
C315587,57,121.98,Metrocity
C452892,37,600.16,Mall of Istanbul
C335865,39,1200.32,Mall of Istanbul
C110959,31,30.3,Forum Istanbul
C258157,47,4200,Metrocity
C194078,43,2100,Mall of Istanbul
C244143,21,900.24,Zorlu Center
C195893,48,600.16,Mall of Istanbul
C918455,30,600.16,Mall of Istanbul
C253348,38,900.24,Metrocity
C246517,65,26.15,Metrocity
C587284,45,2100,Metrocity
C731674,50,121.98,Mall of Istanbul
C338592,30,162.64,Emaar Square Mall
C204102,69,300.08,Forum Istanbul
C381026,44,600.16,Mall of Istanbul
C236299,21,35.84,Metrocity
C266609,68,600.16,Metropol AVM
C253076,42,107.52,Istinye Park
C282221,36,600.16,Kanyon
C278663,68,20.92,Zorlu Center
C158989,61,179.2,Kanyon
C283695,44,900.24,Forum Istanbul
C254930,61,45.45,Metrocity
C117195,60,4200,Emaar Square Mall
C677188,37,1800.51,Emaar Square Mall
C234209,68,81.32,Kanyon
C269719,63,15.69,Zorlu Center
C259494,58,10.46,Metrocity
C123591,49,203.3,Kanyon
C163550,43,3000.85,Mall of Istanbul
C267723,26,15.15,Kanyon
C210872,27,1500.4,Zorlu Center
C187861,33,1200.32,Zorlu Center
C239556,18,900.24,Kanyon
C894788,52,5.23,Metrocity
C166947,29,2100,Metropol AVM
C251934,68,1800.51,Viaport Outlet
C110867,66,1200.32,Mall of Istanbul
C387032,67,40.66,Metrocity
C685852,54,5250,Metropol AVM
C554460,39,20.92,Zorlu Center
C148726,56,23.46,Istinye Park
C389139,35,300.08,Kanyon
C126508,44,20.92,Kanyon
C317704,23,143.36,Metrocity
C441101,60,600.16,Kanyon
C324326,40,26.15,Metropol AVM
C419192,28,600.16,Metrocity
C262434,47,46.92,Forum Istanbul
C121206,47,15.15,Emaar Square Mall
C124941,54,81.32,Cevahir AVM
C514731,39,15.69,Kanyon
C209810,26,10.46,Mall of Istanbul
C170821,31,2400.68,Metrocity
C157888,48,40.66,Mall of Istanbul
C530446,22,35.19,Kanyon
C315953,36,143.36,Viaport Outlet
C184056,44,1500.4,Mall of Istanbul
C129577,19,10.46,Emaar Square Mall
C115757,51,5.23,Mall of Istanbul
C958107,29,71.68,Metropol AVM
C295562,50,11.73,Metropol AVM
C262904,21,203.3,Metropol AVM
C544766,55,26.15,Metropol AVM
C227288,31,11.73,Metropol AVM
C116446,66,203.3,Istinye Park
C839563,42,1200.34,Emaar Square Mall
C715915,62,121.98,Forum Istanbul
C163531,33,75.75,Forum Istanbul
C414878,48,600.17,Metropol AVM
C224739,59,1200.34,Metrocity
C338906,36,143.36,Zorlu Center
C212096,68,1500.4,Istinye Park
C144004,42,162.64,Viaport Outlet
C102996,46,46.92,Mall of Istanbul
C893321,30,600.16,Metropol AVM
C160608,20,107.52,Istinye Park
C310200,45,1200.34,Mall of Istanbul
C332519,19,600.16,Cevahir AVM
C149781,19,1200.34,Mall of Istanbul
C335634,21,1800.51,Metropol AVM
C182940,59,81.32,Istinye Park
C256639,36,15.69,Metrocity
C343851,18,900.24,Kanyon
C196487,34,1500.4,Mall of Istanbul
C146276,24,900.24,Istinye Park
C435627,21,81.32,Metrocity
C236835,64,81.32,Metropol AVM
C233078,22,1500.4,Metropol AVM
C108388,39,75.75,Mall of Istanbul
C111261,47,121.98,Metrocity
C187260,53,600.17,Viaport Outlet
C116990,29,600.16,Mall of Istanbul
C292856,41,600.16,Metropol AVM
C160534,66,1200.32,Kanyon
C302614,33,1050,Cevahir AVM
C620431,50,81.32,Mall of Istanbul
C227323,54,1200.32,Istinye Park
C123079,47,15.15,Forum Istanbul
C269158,28,5.23,Forum Istanbul
C828819,30,81.32,Kanyon
C834929,60,143.36,Kanyon
C240760,29,20.92,Forum Istanbul
C135736,49,81.32,Metrocity
C913701,39,900.24,Mall of Istanbul
C116436,56,600.16,Kanyon
C132833,37,71.68,Forum Istanbul
C200218,33,179.2,Istinye Park
C168732,30,300.08,Mall of Istanbul
C181589,24,1200.32,Viaport Outlet
C101425,30,1200.34,Mall of Istanbul
C325664,34,1200.34,Metropol AVM
C116659,23,600.16,Mall of Istanbul
C685313,24,20.92,Mall of Istanbul
C211964,41,1500.4,Metrocity
C320055,68,1050,Kanyon
C202031,44,600.16,Mall of Istanbul
C220683,31,1200.34,Forum Istanbul
C702864,24,15.69,Metropol AVM
C303157,43,203.3,Kanyon
C330520,53,600.16,Viaport Outlet
C743075,53,4200,Istinye Park
C494928,52,143.36,Kanyon
C327615,22,1800.51,Metrocity
C248534,21,162.64,Mall of Istanbul
C965548,26,5250,Mall of Istanbul
C590484,32,3000.85,Metrocity
C103478,37,23.46,Viaport Outlet
C168584,29,1500.4,Zorlu Center
C155830,47,58.65,Mall of Istanbul
C890726,19,107.52,Istinye Park
C326733,31,15.69,Metropol AVM
C302083,43,1500.4,Kanyon
C332084,29,900.24,Metrocity
C889667,22,45.45,Kanyon
C149858,25,1200.32,Mall of Istanbul
C268820,58,23.46,Metrocity
C846437,29,1200.32,Kanyon
C164760,38,121.98,Viaport Outlet
C286841,20,2400.68,Mall of Istanbul
C212736,63,600.16,Metrocity
C308067,23,107.52,Kanyon
C101125,38,1200.32,Metropol AVM
C175864,31,600.16,Metrocity
C275499,56,300.08,Forum Istanbul
C102324,32,11.73,Mall of Istanbul
C242309,38,10.46,Mall of Istanbul
C241577,24,600.17,Cevahir AVM
C149240,41,1200.32,Metrocity
C329595,41,600.16,Mall of Istanbul
C556522,37,1200.32,Metropol AVM
C194720,21,60.6,Zorlu Center
C255473,64,46.92,Istinye Park
C174459,66,10.46,Forum Istanbul
C419397,23,40.66,Metropol AVM
C366584,34,35.84,Cevahir AVM
C298156,69,600.17,Kanyon
C140293,28,40.66,Istinye Park
C197271,28,26.15,Kanyon
C250013,56,35.19,Cevahir AVM
C397133,62,600.17,Forum Istanbul
C173159,62,1500.4,Mall of Istanbul
C279755,25,107.52,Kanyon
C283227,61,40.66,Kanyon
C214688,25,900.24,Mall of Istanbul
C184157,67,1500.4,Mall of Istanbul
C274001,38,1800.51,Metropol AVM
C128008,55,20.92,Mall of Istanbul
C325185,58,40.66,Viaport Outlet
C237628,23,1500.4,Kanyon
C181320,32,1200.32,Istinye Park
C638739,18,15.69,Kanyon
C100563,20,300.08,Zorlu Center
C215699,66,1800.51,Mall of Istanbul
C997831,50,1200.32,Metrocity
C728858,63,300.08,Mall of Istanbul
C250176,44,203.3,Metropol AVM
C936628,31,300.08,Kanyon
C281868,58,300.08,Kanyon
C651438,54,1500.4,Cevahir AVM
C148587,35,5.23,Metropol AVM
C159752,22,107.52,Kanyon
C107947,36,1800.51,Zorlu Center
C332450,56,107.52,Kanyon
C325987,58,121.98,Kanyon
C279833,49,5.23,Metrocity
C253071,64,20.92,Metrocity
C984124,49,10.46,Mall of Istanbul
C149155,29,1200.32,Kanyon
C170170,50,5.23,Mall of Istanbul
C133191,36,300.08,Metrocity
C169554,31,1200.32,Mall of Istanbul
C195123,65,1200.32,Metropol AVM
C336924,58,1500.4,Mall of Istanbul
C116522,21,900.24,Metropol AVM
C266298,34,2100,Istinye Park
C275230,66,121.98,Emaar Square Mall
C297353,63,1200.34,Kanyon
C318163,22,121.98,Istinye Park
C148512,38,900.24,Istinye Park
C321516,69,35.84,Viaport Outlet
C108256,19,900.24,Metrocity
C215649,58,1800.51,Mall of Istanbul
C146624,24,75.75,Metropol AVM
C974253,50,20.92,Istinye Park
C209261,59,300.08,Istinye Park
C274244,63,26.15,Mall of Istanbul
C272164,18,1800.51,Forum Istanbul
C145977,35,1500.4,Zorlu Center
C222362,68,1500.4,Metrocity
C418056,58,15.69,Mall of Istanbul
C223368,53,1500.4,Viaport Outlet
C248473,18,1500.4,Kanyon
C191798,67,600.16,Mall of Istanbul
C530968,22,11.73,Metrocity
C857522,50,35.19,Metrocity
C309122,36,2100,Metrocity
C592876,30,900.24,Forum Istanbul
C664112,44,3150,Metropol AVM
C211675,21,300.08,Cevahir AVM
C400778,29,1800.51,Metrocity
C201539,21,5.23,Forum Istanbul
C136429,67,300.08,Metrocity
C251325,30,300.08,Metropol AVM
C338135,28,23.46,Forum Istanbul
C308401,57,203.3,Istinye Park
C967709,54,1200.32,Kanyon
C654362,44,1500.4,Kanyon
C302304,51,1200.32,Metropol AVM
C207372,51,900.24,Kanyon
C127979,62,58.65,Mall of Istanbul
C289286,40,40.66,Metrocity
C274774,31,900.24,Mall of Istanbul
C122250,19,600.16,Forum Istanbul
C321180,32,107.52,Metrocity
C162299,41,203.3,Kanyon
C138178,37,121.98,Mall of Istanbul
C104349,31,5.23,Metrocity
C121751,52,11.73,Istinye Park
C214449,55,600.17,Cevahir AVM
C936824,28,600.17,Metrocity
C439444,28,300.08,Viaport Outlet
C269139,34,20.92,Zorlu Center
C261082,55,300.08,Kanyon
C217259,25,1500.4,Mall of Istanbul
C986610,44,600.16,Zorlu Center
C325233,18,600.16,Mall of Istanbul
C858501,66,121.98,Istinye Park
C832281,37,900.24,Mall of Istanbul
C207785,61,300.08,Metropol AVM
C357471,60,179.2,Metrocity
C216066,34,26.15,Istinye Park
C183694,36,81.32,Metrocity
C203262,49,15.15,Mall of Istanbul
C238493,22,900.24,Metrocity
C176132,29,40.66,Mall of Istanbul
C168667,20,900.24,Zorlu Center
C218423,61,35.84,Metropol AVM
C279860,58,46.92,Cevahir AVM
C287781,62,1500.4,Mall of Istanbul
C912265,54,1200.32,Kanyon
C178027,66,40.66,Metrocity
C454371,60,300.08,Mall of Istanbul
C124174,60,11.73,Istinye Park
C237618,46,107.52,Mall of Istanbul
C230702,64,600.16,Mall of Istanbul
C662543,36,300.08,Kanyon
C168012,51,1050,Kanyon
C242156,25,300.08,Kanyon
C698659,68,2400.68,Kanyon
C758830,26,5.23,Zorlu Center
C305029,30,4200,Kanyon
C141622,22,3000.85,Zorlu Center
C241538,59,1200.32,Metrocity
C105668,64,35.19,Kanyon
C235919,61,900.24,Metrocity
C111586,34,121.98,Metrocity
C199211,48,1500.4,Mall of Istanbul
C132660,39,5.23,Mall of Istanbul
C206957,46,162.64,Kanyon
C670145,52,26.15,Forum Istanbul
C372768,34,1500.4,Zorlu Center
C123255,47,300.08,Cevahir AVM
C223462,48,1500.4,Viaport Outlet
C119139,51,300.08,Metropol AVM
C338039,55,11.73,Mall of Istanbul
C247621,69,1500.4,Istinye Park
C292526,62,10.46,Kanyon
C221964,44,162.64,Emaar Square Mall
C152702,43,1500.4,Zorlu Center
C327311,29,1500.4,Zorlu Center
C164179,41,300.08,Metrocity
C932947,23,203.3,Metropol AVM
C117862,44,162.64,Mall of Istanbul
C165196,55,143.36,Forum Istanbul
C181602,63,30.3,Kanyon
C230386,21,26.15,Istinye Park
C216956,31,15.15,Zorlu Center
C183786,58,15.69,Metropol AVM
C337746,36,203.3,Mall of Istanbul
C270891,46,3150,Istinye Park
C923166,24,40.66,Metropol AVM
C181704,54,26.15,Kanyon
C223770,40,35.84,Istinye Park
C186779,59,2400.68,Emaar Square Mall
C313826,57,60.6,Metrocity
C158602,27,1500.4,Istinye Park
C589738,48,35.84,Emaar Square Mall
C124664,44,1200.32,Forum Istanbul
C305462,24,1200.32,Zorlu Center
C300251,31,26.15,Forum Istanbul
C464112,36,4200,Mall of Istanbul
C152083,69,143.36,Viaport Outlet
C255975,59,5250,Cevahir AVM
C245859,39,71.68,Istinye Park
C336289,47,20.92,Kanyon
C674530,31,203.3,Metrocity
C293878,29,900.24,Cevahir AVM
C252174,27,900.24,Forum Istanbul
C434769,44,35.19,Cevahir AVM
C148495,54,600.17,Kanyon
C165346,29,1200.32,Zorlu Center
C167834,63,121.98,Istinye Park
C282104,46,1500.4,Viaport Outlet
C242261,66,900.24,Emaar Square Mall
C117733,55,10.46,Kanyon
C202815,42,23.46,Istinye Park
C291152,50,26.15,Mall of Istanbul
C969394,19,900.24,Metropol AVM
C168636,45,1500.4,Zorlu Center
C150954,48,5.23,Mall of Istanbul
C540546,67,203.3,Kanyon
C189870,33,46.92,Cevahir AVM
C917685,42,4200,Mall of Istanbul
C152209,63,3000.85,Zorlu Center
C184572,60,75.75,Zorlu Center
C118315,64,1200.32,Cevahir AVM
C680719,26,300.08,Metropol AVM
C249463,24,81.32,Mall of Istanbul
C267168,26,1200.32,Viaport Outlet
C243520,47,121.98,Mall of Istanbul
C315202,43,143.36,Viaport Outlet
C308316,69,1500.4,Kanyon
C163316,55,600.16,Cevahir AVM
C319178,24,1200.32,Metropol AVM
C194360,64,1500.4,Metrocity
C107766,19,300.08,Mall of Istanbul
C278572,67,600.16,Metropol AVM
C656188,31,71.68,Mall of Istanbul
C286607,50,15.69,Mall of Istanbul
C275136,35,15.69,Kanyon
C366184,54,20.92,Kanyon
C927387,24,1200.34,Metropol AVM
C103897,63,162.64,Metrocity
C199555,48,1200.32,Emaar Square Mall
C935353,41,900.24,Mall of Istanbul
C200220,64,1500.4,Metrocity
C158577,51,35.84,Kanyon
C310069,48,1200.32,Mall of Istanbul
C760767,53,60.6,Istinye Park
C527870,61,3150,Metrocity
C148598,42,4200,Metropol AVM
C312151,45,1500.4,Metrocity
C240248,22,300.08,Forum Istanbul
C649550,46,203.3,Viaport Outlet
C257208,54,300.08,Viaport Outlet
C248681,60,121.98,Istinye Park
C243360,48,900.24,Metrocity
C215328,55,179.2,Zorlu Center
C859812,35,162.64,Mall of Istanbul
C268345,55,40.66,Cevahir AVM
C519706,21,600.16,Metropol AVM
C272480,55,1500.4,Istinye Park
C747490,36,71.68,Metropol AVM
C920554,39,45.45,Istinye Park
C215208,66,107.52,Metrocity
C605024,37,71.68,Kanyon
C763730,59,5.23,Zorlu Center
C148176,52,1200.32,Mall of Istanbul
C962066,36,35.84,Mall of Istanbul
C160713,27,35.19,Metrocity
C759809,50,1200.32,Zorlu Center
C166950,58,1200.32,Cevahir AVM
C124697,18,5.23,Istinye Park
C311614,45,107.52,Zorlu Center
C407145,35,1200.32,Metrocity
C325150,29,1800.51,Kanyon
C271995,46,1200.32,Forum Istanbul
C103672,54,20.92,Mall of Istanbul
C194592,47,1200.32,Metrocity
C442385,65,2400.68,Kanyon
C105730,28,1500.4,Viaport Outlet
C158282,31,300.08,Istinye Park
C788119,68,1200.32,Mall of Istanbul
C202618,35,900.24,Kanyon
C224289,31,300.08,Mall of Istanbul
C125836,58,11.73,Mall of Istanbul
C552162,32,600.16,Kanyon
C147151,40,143.36,Kanyon
C266771,46,75.75,Emaar Square Mall
C177425,60,15.69,Kanyon
C170607,21,600.16,Mall of Istanbul
C100121,64,11.73,Mall of Istanbul
C141408,52,1500.4,Mall of Istanbul
C277240,49,5250,Mall of Istanbul
C713980,55,1500.4,Zorlu Center
C312979,57,162.64,Mall of Istanbul
C552226,62,20.92,Istinye Park
C272854,42,5.23,Mall of Istanbul
C493156,18,1500.4,Viaport Outlet
C190100,59,600.16,Kanyon
C938710,55,143.36,Metrocity
C234388,28,900.24,Metropol AVM
C155134,23,300.08,Emaar Square Mall
C661711,33,15.69,Forum Istanbul
C165372,38,20.92,Zorlu Center
C178703,46,900.24,Kanyon
C256384,39,121.98,Mall of Istanbul
C120598,27,1200.32,Kanyon
C151248,64,1200.32,Metrocity
C208994,30,162.64,Viaport Outlet
C325917,37,26.15,Istinye Park
C192825,62,10.46,Viaport Outlet
C838111,41,71.68,Mall of Istanbul
C253202,68,81.32,Zorlu Center
C889640,57,35.84,Zorlu Center
C257901,27,35.19,Mall of Istanbul
C197575,54,600.16,Mall of Istanbul
C647336,40,300.08,Metropol AVM
C460045,21,107.52,Cevahir AVM
C182467,52,26.15,Viaport Outlet
C127785,35,300.08,Kanyon
C590959,47,300.08,Istinye Park
C205666,44,300.08,Zorlu Center
C807560,35,600.17,Metropol AVM
C163411,42,121.98,Istinye Park
C255264,52,1200.32,Metrocity
C160295,22,107.52,Kanyon
C235996,57,26.15,Kanyon
C221577,65,35.84,Kanyon
C195378,30,162.64,Kanyon
C290805,37,300.08,Kanyon
C316609,22,600.17,Mall of Istanbul
C410259,18,15.15,Istinye Park
C452919,23,4200,Metrocity
C243548,24,1200.32,Metropol AVM
C335168,37,1200.32,Viaport Outlet
C169628,51,300.08,Metrocity
C288114,68,2400.68,Kanyon
C226425,19,3000.85,Mall of Istanbul
C625069,67,300.08,Metrocity
C104137,38,1200.32,Mall of Istanbul
C457782,34,5.23,Kanyon
C826629,25,1200.32,Kanyon
C602139,27,35.84,Cevahir AVM
C330479,53,1200.32,Kanyon
C248792,34,10.46,Emaar Square Mall
C390239,27,20.92,Forum Istanbul
C305241,64,40.66,Metrocity
C441796,51,143.36,Kanyon
C284188,68,40.66,Metrocity
C965230,61,203.3,Mall of Istanbul
C332528,64,1500.4,Zorlu Center
C281035,33,121.98,Kanyon
C105814,42,300.08,Metropol AVM
C331189,50,23.46,Forum Istanbul
C316821,50,5.23,Kanyon
C136825,27,23.46,Kanyon
C259145,31,1500.4,Metropol AVM
C369663,40,300.08,Kanyon
C250194,69,900.24,Mall of Istanbul
C118985,20,2400.68,Kanyon
C562434,33,203.3,Istinye Park
C137598,65,75.75,Kanyon
C770144,24,40.66,Metrocity
C140379,38,10.46,Zorlu Center
C103106,23,179.2,Emaar Square Mall
C265389,46,46.92,Kanyon
C317295,44,1200.32,Viaport Outlet
C413690,36,81.32,Metropol AVM
C440013,19,1200.34,Metropol AVM
C230375,42,600.16,Kanyon
C160560,35,600.16,Mall of Istanbul
C285910,51,300.08,Forum Istanbul
C318866,43,300.08,Emaar Square Mall
C272590,52,600.16,Viaport Outlet
C303593,51,1200.32,Viaport Outlet
C218326,19,3000.85,Mall of Istanbul
C871076,36,1200.32,Mall of Istanbul
C202483,63,300.08,Forum Istanbul
C204773,57,1200.34,Metropol AVM
C277154,27,1200.32,Mall of Istanbul
C314870,31,300.08,Zorlu Center
C161645,39,300.08,Mall of Istanbul
C687620,43,15.69,Emaar Square Mall
C206831,49,46.92,Mall of Istanbul
C323142,48,46.92,Metropol AVM
C325010,32,35.84,Kanyon
C295555,64,35.84,Istinye Park
C176997,37,203.3,Viaport Outlet
C249865,22,600.16,Metrocity
C131344,29,107.52,Kanyon
C303336,60,2400.68,Mall of Istanbul
C331314,18,179.2,Mall of Istanbul
C315881,26,1200.32,Metrocity
C238136,42,300.08,Metrocity
C188528,24,35.19,Forum Istanbul
C105509,42,203.3,Mall of Istanbul
C234871,21,26.15,Kanyon
C243140,30,75.75,Forum Istanbul
C252698,67,40.66,Mall of Istanbul
C158849,31,600.16,Metrocity
C251273,58,1200.32,Mall of Istanbul
C239519,31,15.69,Istinye Park
C799386,65,1500.4,Mall of Istanbul
C260729,20,1500.4,Mall of Istanbul
C288035,33,203.3,Kanyon
C188415,35,1200.34,Metropol AVM
C236271,24,5.23,Metropol AVM
C103587,65,900.24,Kanyon
C233030,58,5.23,Metrocity
C685284,30,162.64,Istinye Park
C975703,35,71.68,Metropol AVM
C203711,65,107.52,Metropol AVM
C314821,57,20.92,Kanyon
C304084,48,2400.68,Forum Istanbul
C553048,61,15.15,Cevahir AVM
C544552,63,600.16,Mall of Istanbul
C190153,67,60.6,Kanyon
C697569,56,600.16,Mall of Istanbul
C149120,38,203.3,Metropol AVM
C326888,60,900.24,Istinye Park
C279406,38,10.46,Kanyon
C607135,37,1500.4,Metrocity
C231895,35,121.98,Zorlu Center
C798688,68,900.24,Forum Istanbul
C266164,35,5250,Viaport Outlet
C171359,42,900.24,Mall of Istanbul
C235978,64,203.3,Forum Istanbul
C430930,42,121.98,Metropol AVM
C284647,51,30.3,Emaar Square Mall
C942535,29,3150,Emaar Square Mall
C473376,39,81.32,Metrocity
C139941,18,300.08,Mall of Istanbul
C340146,69,600.16,Metrocity
C312408,46,900.24,Metrocity
C645252,40,300.08,Metropol AVM
C838660,32,1500.4,Emaar Square Mall
C175645,39,179.2,Mall of Istanbul
C146124,40,1200.32,Zorlu Center
C330228,66,300.08,Zorlu Center
C101134,51,3150,Forum Istanbul
C128722,55,71.68,Metropol AVM
C357221,23,2100,Istinye Park
C416513,34,203.3,Istinye Park
C320767,26,15.69,Metrocity
C943493,56,600.17,Metropol AVM
C325223,42,35.84,Metrocity
C148171,49,203.3,Kanyon
C196226,22,162.64,Mall of Istanbul
C101423,35,900.24,Kanyon
C396170,52,300.08,Metrocity
C246421,28,143.36,Metrocity
C523266,41,1200.32,Metrocity
C175089,35,1500.4,Cevahir AVM
C742676,30,30.3,Metrocity
C191290,53,81.32,Mall of Istanbul
C127953,69,35.84,Forum Istanbul
C703617,33,900.24,Mall of Istanbul
C455471,47,600.17,Kanyon
C100587,57,71.68,Kanyon
C819473,67,2400.68,Metrocity
C982124,56,26.15,Mall of Istanbul
C269890,64,11.73,Kanyon
C251999,28,900.24,Kanyon
C843142,30,1500.4,Mall of Istanbul
C252771,46,900.24,Cevahir AVM
C281361,58,1500.4,Metrocity
C264013,57,81.32,Kanyon
C225854,44,107.52,Cevahir AVM
C171220,62,300.08,Kanyon
C314857,62,600.17,Kanyon
C268633,51,3150,Mall of Istanbul
C603748,25,35.19,Metropol AVM
C915365,49,15.15,Mall of Istanbul
C329872,66,600.16,Metropol AVM
C130811,63,179.2,Kanyon
C504505,37,900.24,Kanyon
C209307,45,1500.4,Emaar Square Mall
C159654,18,40.66,Kanyon
C334924,37,2400.68,Istinye Park
C105027,51,2400.68,Mall of Istanbul
C328210,63,1200.32,Istinye Park
C329093,58,10.46,Forum Istanbul
C763212,60,58.65,Metropol AVM
C203393,35,15.69,Kanyon
C232837,18,81.32,Zorlu Center
C114023,38,23.46,Metropol AVM
C138423,68,900.24,Mall of Istanbul
C103650,33,10.46,Kanyon
C106063,22,15.69,Zorlu Center
C151717,41,5.23,Istinye Park
C262399,64,20.92,Metrocity
C141852,34,5.23,Forum Istanbul
C114925,66,3000.85,Mall of Istanbul
C264442,43,26.15,Metropol AVM
C309442,45,900.24,Cevahir AVM
C134153,33,900.24,Metrocity
C198911,44,600.16,Zorlu Center
C119811,34,75.75,Zorlu Center
C632974,59,203.3,Metropol AVM
C202186,53,203.3,Kanyon
C157755,46,600.16,Metrocity
C917301,40,3000.85,Mall of Istanbul
C685177,34,1200.32,Viaport Outlet
C202319,34,10.46,Emaar Square Mall
C209023,55,26.15,Viaport Outlet
C153040,61,1200.32,Istinye Park
C676731,46,81.32,Metrocity
C537215,36,162.64,Mall of Istanbul
C206463,63,20.92,Mall of Istanbul
C271647,40,71.68,Zorlu Center
C321464,61,300.08,Metrocity
C319962,52,3000.85,Cevahir AVM
C166711,50,1200.32,Metropol AVM
C325861,33,81.32,Emaar Square Mall
C165953,22,71.68,Cevahir AVM
C808721,63,1200.32,Metropol AVM
C313994,62,900.24,Kanyon
C294351,32,30.3,Istinye Park
C714331,59,58.65,Istinye Park
C126901,61,10.46,Mall of Istanbul
C260969,57,1200.32,Zorlu Center
C327439,52,81.32,Metropol AVM
C167484,41,15.69,Zorlu Center
C153893,29,1500.4,Zorlu Center
C106051,19,203.3,Mall of Istanbul
C228758,50,35.84,Mall of Istanbul
C219739,36,1800.51,Metropol AVM
C261890,58,40.66,Kanyon
C310694,45,2400.68,Kanyon
C278448,57,143.36,Kanyon
C312992,68,81.32,Metrocity
C261842,57,3150,Metropol AVM
C204646,43,600.16,Cevahir AVM
C263353,64,107.52,Kanyon
C223781,21,26.15,Forum Istanbul
C276840,21,300.08,Cevahir AVM
C276360,54,600.16,Istinye Park
C295909,65,1500.4,Istinye Park
C261645,26,203.3,Zorlu Center
C261828,38,1500.4,Emaar Square Mall
C215334,35,1500.4,Mall of Istanbul
C444751,38,5.23,Mall of Istanbul
C190787,27,81.32,Forum Istanbul
C243421,23,15.69,Kanyon
C334029,22,15.15,Mall of Istanbul
C221422,37,35.84,Metrocity
C819543,20,30.3,Kanyon
C326674,41,121.98,Kanyon
C251454,67,5.23,Emaar Square Mall
C680116,45,900.24,Mall of Istanbul
C239899,20,300.08,Metropol AVM
C155592,29,10.46,Metropol AVM
C327707,21,1200.32,Istinye Park
C807752,46,23.46,Mall of Istanbul
C799964,47,600.16,Mall of Istanbul
C245637,40,900.24,Mall of Istanbul
C198308,56,40.66,Metropol AVM
C176447,57,1500.4,Forum Istanbul
C306568,50,1500.4,Emaar Square Mall
C233074,61,11.73,Kanyon
C247110,34,20.92,Kanyon
C333050,34,15.69,Metropol AVM
C626019,26,1500.4,Zorlu Center
C150958,39,81.32,Kanyon
C289976,21,1050,Istinye Park
C235670,40,1800.51,Metrocity
C670146,21,81.32,Mall of Istanbul
C205056,59,600.16,Kanyon
C259998,41,600.16,Kanyon
C126061,57,20.92,Emaar Square Mall
C337064,40,600.16,Metrocity
C339038,51,600.16,Metropol AVM
C261520,43,45.45,Mall of Istanbul
C129263,31,4200,Mall of Istanbul
C286798,38,35.19,Mall of Istanbul
C778119,19,58.65,Kanyon
C109681,28,600.16,Emaar Square Mall
C137882,41,2100,Metrocity
C254470,58,300.08,Kanyon
C243179,29,2400.68,Emaar Square Mall
C900232,32,26.15,Mall of Istanbul
C757105,31,15.15,Mall of Istanbul
C576263,23,71.68,Istinye Park
C310259,45,40.66,Kanyon
C185517,55,11.73,Zorlu Center
C123141,36,121.98,Kanyon
C948971,22,1200.34,Istinye Park
C240223,66,1200.32,Mall of Istanbul
C160762,64,3000.85,Metropol AVM
C190977,43,40.66,Istinye Park
C239540,47,81.32,Metrocity
C211568,59,600.16,Viaport Outlet
C106299,63,40.66,Istinye Park
C728218,28,5.23,Metrocity
C180551,36,5250,Mall of Istanbul
C312328,62,300.08,Cevahir AVM
C212415,48,1200.32,Forum Istanbul
C173855,45,2400.68,Kanyon
C585924,22,300.08,Istinye Park
C278323,43,5.23,Metrocity
C102967,62,1200.34,Mall of Istanbul
C262085,61,1200.32,Istinye Park
C786913,64,600.17,Metrocity
C297331,25,900.24,Mall of Istanbul
C777678,46,5.23,Zorlu Center
C479318,26,600.16,Metrocity
C198580,33,15.69,Mall of Istanbul
C169393,34,23.46,Cevahir AVM
C133514,25,900.24,Istinye Park
C284830,61,300.08,Istinye Park
C202079,35,300.08,Metropol AVM
C181317,23,1200.32,Zorlu Center
C935856,42,600.16,Mall of Istanbul
C144347,66,300.08,Kanyon
C792025,27,300.08,Mall of Istanbul
C275961,56,5250,Forum Istanbul
C200933,64,1200.32,Mall of Istanbul
C217710,69,1200.32,Metrocity
C307907,49,81.32,Mall of Istanbul
C796716,30,1200.32,Emaar Square Mall
C129978,49,20.92,Mall of Istanbul
C132096,36,26.15,Kanyon
C184700,21,3150,Forum Istanbul
C915111,47,5.23,Metropol AVM
C279610,67,600.17,Metropol AVM
C110665,25,40.66,Metrocity
C414538,58,20.92,Metrocity
C314563,22,2100,Metropol AVM
C841674,39,300.08,Mall of Istanbul
C589150,63,107.52,Metrocity
C535621,53,15.15,Metrocity
C229245,48,2400.68,Kanyon